-- phpMyAdmin SQL Dump
-- version 5.0.2
-- https://www.phpmyadmin.net/
--
-- Host: 127.0.0.1
-- Czas generowania: 15 Gru 2020, 18:28
-- Wersja serwera: 10.4.14-MariaDB
-- Wersja PHP: 7.4.10

SET SQL_MODE = "NO_AUTO_VALUE_ON_ZERO";
START TRANSACTION;
SET time_zone = "+00:00";


/*!40101 SET @OLD_CHARACTER_SET_CLIENT=@@CHARACTER_SET_CLIENT */;
/*!40101 SET @OLD_CHARACTER_SET_RESULTS=@@CHARACTER_SET_RESULTS */;
/*!40101 SET @OLD_COLLATION_CONNECTION=@@COLLATION_CONNECTION */;
/*!40101 SET NAMES utf8mb4 */;

--
-- Baza danych: `pesele`
--

-- --------------------------------------------------------

--
-- Struktura tabeli dla tabeli `pesele`
--

CREATE TABLE `pesele` (
  `pesele` varchar(100) DEFAULT NULL
) ENGINE=InnoDB DEFAULT CHARSET=utf8mb4;

--
-- Zrzut danych tabeli `pesele`
--

INSERT INTO `pesele` (`pesele`) VALUES
('00211354167'),
('00220776486'),
('00221759697'),
('00242957867'),
('00261665259'),
('00270312573'),
('00270787553'),
('00282311748'),
('00292982163'),
('00310921451'),
('00311285941'),
('00312165916'),
('01212532596'),
('01230125349'),
('01231523115'),
('01240284245'),
('01241213976'),
('01290227177'),
('01311269373'),
('01312443626'),
('02212489727'),
('02221487895'),
('02222043326'),
('02231162658'),
('02232929986'),
('02240577779'),
('02250747126'),
('02251622967'),
('02261093739'),
('02270477218'),
('02281596937'),
('02291013127'),
('02291552451'),
('02310645331'),
('03210431396'),
('03231465826'),
('03280989919'),
('03290214182'),
('03300881117'),
('03312085688'),
('04211426394'),
('04221814992'),
('04222974576'),
('04231627391'),
('04242724616'),
('04243065244'),
('04252236426'),
('04252281785'),
('04260481362'),
('04262366546'),
('04262867573'),
('04271392833'),
('04271853981'),
('04273073262'),
('04291877174'),
('04291885113'),
('04303086769'),
('04312084622'),
('05221699475'),
('05231683569'),
('05242662838'),
('05270418281'),
('05301673634'),
('05310313637'),
('62010613458'),
('62030621918'),
('62032632286'),
('62040954516'),
('62041751235'),
('62053153197'),
('62060141479'),
('62061452848'),
('62062819857'),
('62073115588'),
('62081023844'),
('62090696927'),
('62102481781'),
('62110162979'),
('62110838258'),
('62121943567'),
('63021015943'),
('63052122331'),
('63060755383'),
('63080592724'),
('63111786625'),
('64030955756'),
('64040116491'),
('64041675836'),
('64042418317'),
('64050892132'),
('64051554765'),
('64070741667'),
('64073064329'),
('64081379819'),
('64090368558'),
('64090794384'),
('64092324673'),
('65012898832'),
('65060415261'),
('65092753293'),
('65102869423'),
('65121916586'),
('66010791684'),
('66022785622'),
('66030676695'),
('66040625669'),
('66041676725'),
('66062128216'),
('66073096829'),
('67020778119'),
('67042433869'),
('67090779551'),
('67110583887'),
('67122698393'),
('68031447283'),
('68041759976'),
('68042419798'),
('68050463561'),
('68101173812'),
('68111743946'),
('68112951698'),
('68122498846'),
('69010232591'),
('69010894326'),
('69013149423'),
('69021881726'),
('69041737616'),
('69060396946'),
('69061819246'),
('69061878731'),
('69080231313'),
('69093054446'),
('69121529919'),
('70011769382'),
('70020327122'),
('70040569894'),
('70040836282'),
('70041035925'),
('70052646686'),
('70071542923'),
('70072062282'),
('70101733563'),
('70122444857'),
('71010345153'),
('71012771239'),
('71012866726'),
('71050412398'),
('71052153985'),
('71053112233'),
('71062272827'),
('71062539243'),
('71062547695'),
('71070743728'),
('71072038156'),
('71100387517'),
('72031033292'),
('72041432962'),
('72070482459'),
('72100724283'),
('72101034552'),
('72102964249'),
('72110891517'),
('72122031819'),
('72123165511'),
('73032676851'),
('73040557371'),
('73041689392'),
('73042347143'),
('73042852535'),
('73060827818'),
('73061658684'),
('73082081265'),
('73090512768'),
('73091597261'),
('74020494675'),
('74030975676'),
('74031125698'),
('74032342144'),
('74042261624'),
('74061454379'),
('74061783828'),
('74062554214'),
('74110517376'),
('75012059827'),
('75021067486'),
('75022475125'),
('75032887549'),
('75042243474'),
('75051164957'),
('75051356134'),
('75053054191'),
('75080973249'),
('75091944937'),
('75093034687'),
('75101148922'),
('76012351292'),
('76020416998'),
('76030575252'),
('76042371864'),
('76050229916'),
('76051958548'),
('76112248353'),
('77011244941'),
('77011336428'),
('77030285497'),
('77032922974'),
('77041372436'),
('77042565828'),
('77072364284'),
('78030546296'),
('78032278126'),
('78062582417'),
('78070594736'),
('78070949567'),
('78071544136'),
('78082963771'),
('78112571138'),
('78120798886'),
('79012738544'),
('79020738981'),
('79050383375'),
('79070512171'),
('79121443423'),
('80010232626'),
('80020712442'),
('80020885566'),
('80022827742'),
('80062631213'),
('80122728961'),
('81022449831'),
('81040444533'),
('81050871293'),
('81052834988'),
('81090683199'),
('81092628453'),
('81110647875'),
('82022698256'),
('82022861858'),
('82030195794'),
('82041729577'),
('82061679256'),
('82062012395'),
('82062381877'),
('82070943315'),
('82071374473'),
('82071784245'),
('82091943255'),
('82101333124'),
('82102929371'),
('82111291735'),
('82113041253'),
('82121619318'),
('83011542538'),
('83031958469'),
('83032473785'),
('83052521329'),
('83061838292'),
('83081886655'),
('83092122395'),
('83100557331'),
('83102214937'),
('83102332556'),
('83102813839'),
('83120826297'),
('84010783175'),
('84011688295'),
('84022198552'),
('84032471926'),
('84042861717'),
('84061449134'),
('84072168176'),
('84092892972'),
('85020171664'),
('85021165374'),
('85040687936'),
('85102058681'),
('85110318935'),
('86012198371'),
('86020851893'),
('86022692593'),
('86050366394'),
('86050459339'),
('86070788941'),
('86073142948'),
('86080468495'),
('86080993951'),
('86091958749'),
('86101071879'),
('86110449496'),
('87010464927'),
('87051962534'),
('87071861569'),
('87101288146'),
('87110915716'),
('88010972715'),
('88030747542'),
('88030791114'),
('88031232715'),
('88043088667'),
('88050396334'),
('88051911856'),
('88052048742'),
('89021694955'),
('89031917215'),
('89032891963'),
('89041489139'),
('89062332865'),
('89063042217'),
('89101884452'),
('89110289389'),
('89122222888'),
('90010971366'),
('90020668353'),
('90020774892'),
('90022337275'),
('90030217251'),
('90031558971'),
('90041629797'),
('90042229552'),
('90072842921'),
('90073132393'),
('90082175369'),
('90090924362'),
('90110246434'),
('90111192659'),
('91021686414'),
('91031537117'),
('91032175996'),
('91042175829'),
('91050617753'),
('91051536729'),
('91051788362'),
('91072691973'),
('91082936279'),
('91091759191'),
('91102629389'),
('92010387862'),
('92012366641'),
('92031767377'),
('92032193966'),
('92040242489'),
('92060979912'),
('92062772643'),
('92072258588'),
('92091391538'),
('93012475791'),
('93021089419'),
('93041665369'),
('93062119784'),
('93091567574'),
('93100134524'),
('93111332441'),
('93111778881'),
('93122526231'),
('94011929281'),
('94021331827'),
('94032862631'),
('94081862972'),
('94090863463'),
('94092111731'),
('94112762918'),
('94120149286'),
('94120886642'),
('94122514479'),
('95012394298'),
('95040153647'),
('95060149253'),
('95062984711'),
('95073076571'),
('95073166612'),
('95080389794'),
('95111748862'),
('96010146863'),
('96011053315'),
('96011445572'),
('96030984632'),
('96051932223'),
('96060833298'),
('96071526471'),
('96071879593'),
('96083082745'),
('96112947243'),
('97011065331'),
('97012694156'),
('97061756593'),
('97062632977'),
('97100645163'),
('97120425479'),
('98120152778'),
('99030215566'),
('99032925764'),
('99032929935'),
('99052752966'),
('99061121348'),
('99061132465'),
('99082473316'),
('99102426647'),
('99103016362'),
('99112952921'),
('99120744768');

-- --------------------------------------------------------

--
-- Struktura tabeli dla tabeli `pesele_daty`
--

CREATE TABLE `pesele_daty` (
  `pesel` varchar(100) DEFAULT NULL,
  `data` date DEFAULT NULL
) ENGINE=InnoDB DEFAULT CHARSET=utf8mb4;

--
-- Zrzut danych tabeli `pesele_daty`
--

INSERT INTO `pesele_daty` (`pesel`, `data`) VALUES
('00211354167', '2000-01-13'),
('00220776486', '2000-02-07'),
('00221759697', '2000-02-17'),
('00242957867', '2000-04-29'),
('00261665259', '2000-06-16'),
('00270312573', '2000-07-03'),
('00270787553', '2000-07-07'),
('00282311748', '2000-08-23'),
('00292982163', '2000-09-29'),
('00310921451', '2000-11-09'),
('00311285941', '2000-11-12'),
('00312165916', '2000-11-21'),
('01212532596', '2001-01-25'),
('01230125349', '2001-03-01'),
('01231523115', '2001-03-15'),
('01240284245', '2001-04-02'),
('01241213976', '2001-04-12'),
('01290227177', '2001-09-02'),
('01311269373', '2001-11-12'),
('01312443626', '2001-11-24'),
('02212489727', '2002-01-24'),
('02221487895', '2002-02-14'),
('02222043326', '2002-02-20'),
('02231162658', '2002-03-11'),
('02232929986', '2002-03-29'),
('02240577779', '2002-04-05'),
('02250747126', '2002-05-07'),
('02251622967', '2002-05-16'),
('02261093739', '2002-06-10'),
('02270477218', '2002-07-04'),
('02281596937', '2002-08-15'),
('02291013127', '2002-09-10'),
('02291552451', '2002-09-15'),
('02310645331', '2002-11-06'),
('03210431396', '2003-01-04'),
('03231465826', '2003-03-14'),
('03280989919', '2003-08-09'),
('03290214182', '2003-09-02'),
('03300881117', '2003-10-08'),
('03312085688', '2003-11-20'),
('04211426394', '2004-01-14'),
('04221814992', '2004-02-18'),
('04222974576', '2004-02-29'),
('04231627391', '2004-03-16'),
('04242724616', '2004-04-27'),
('04243065244', '2004-04-30'),
('04252236426', '2004-05-22'),
('04252281785', '2004-05-22'),
('04260481362', '2004-06-04'),
('04262366546', '2004-06-23'),
('04262867573', '2004-06-28'),
('04271392833', '2004-07-13'),
('04271853981', '2004-07-18'),
('04273073262', '2004-07-30'),
('04291877174', '2004-09-18'),
('04291885113', '2004-09-18'),
('04303086769', '2004-10-30'),
('04312084622', '2004-11-20'),
('05221699475', '2005-02-16'),
('05231683569', '2005-03-16'),
('05242662838', '2005-04-26'),
('05270418281', '2005-07-04'),
('05301673634', '2005-10-16'),
('05310313637', '2005-11-03'),
('62010613458', '1962-01-06'),
('62030621918', '1962-03-06'),
('62032632286', '1962-03-26'),
('62040954516', '1962-04-09'),
('62041751235', '1962-04-17'),
('62053153197', '1962-05-31'),
('62060141479', '1962-06-01'),
('62061452848', '1962-06-14'),
('62062819857', '1962-06-28'),
('62073115588', '1962-07-31'),
('62081023844', '1962-08-10'),
('62090696927', '1962-09-06'),
('62102481781', '1962-10-24'),
('62110162979', '1962-11-01'),
('62110838258', '1962-11-08'),
('62121943567', '1962-12-19'),
('63021015943', '1963-02-10'),
('63052122331', '1963-05-21'),
('63060755383', '1963-06-07'),
('63080592724', '1963-08-05'),
('63111786625', '1963-11-17'),
('64030955756', '1964-03-09'),
('64040116491', '1964-04-01'),
('64041675836', '1964-04-16'),
('64042418317', '1964-04-24'),
('64050892132', '1964-05-08'),
('64051554765', '1964-05-15'),
('64070741667', '1964-07-07'),
('64073064329', '1964-07-30'),
('64081379819', '1964-08-13'),
('64090368558', '1964-09-03'),
('64090794384', '1964-09-07'),
('64092324673', '1964-09-23'),
('65012898832', '1965-01-28'),
('65060415261', '1965-06-04'),
('65092753293', '1965-09-27'),
('65102869423', '1965-10-28'),
('65121916586', '1965-12-19'),
('66010791684', '1966-01-07'),
('66022785622', '1966-02-27'),
('66030676695', '1966-03-06'),
('66040625669', '1966-04-06'),
('66041676725', '1966-04-16'),
('66062128216', '1966-06-21'),
('66073096829', '1966-07-30'),
('67020778119', '1967-02-07'),
('67042433869', '1967-04-24'),
('67090779551', '1967-09-07'),
('67110583887', '1967-11-05'),
('67122698393', '1967-12-26'),
('68031447283', '1968-03-14'),
('68041759976', '1968-04-17'),
('68042419798', '1968-04-24'),
('68050463561', '1968-05-04'),
('68101173812', '1968-10-11'),
('68111743946', '1968-11-17'),
('68112951698', '1968-11-29'),
('68122498846', '1968-12-24'),
('69010232591', '1969-01-02'),
('69010894326', '1969-01-08'),
('69013149423', '1969-01-31'),
('69021881726', '1969-02-18'),
('69041737616', '1969-04-17'),
('69060396946', '1969-06-03'),
('69061819246', '1969-06-18'),
('69061878731', '1969-06-18'),
('69080231313', '1969-08-02'),
('69093054446', '1969-09-30'),
('69121529919', '1969-12-15'),
('70011769382', '1970-01-17'),
('70020327122', '1970-02-03'),
('70040569894', '1970-04-05'),
('70040836282', '1970-04-08'),
('70041035925', '1970-04-10'),
('70052646686', '1970-05-26'),
('70071542923', '1970-07-15'),
('70072062282', '1970-07-20'),
('70101733563', '1970-10-17'),
('70122444857', '1970-12-24'),
('71010345153', '1971-01-03'),
('71012771239', '1971-01-27'),
('71012866726', '1971-01-28'),
('71050412398', '1971-05-04'),
('71052153985', '1971-05-21'),
('71053112233', '1971-05-31'),
('71062272827', '1971-06-22'),
('71062539243', '1971-06-25'),
('71062547695', '1971-06-25'),
('71070743728', '1971-07-07'),
('71072038156', '1971-07-20'),
('71100387517', '1971-10-03'),
('72031033292', '1972-03-10'),
('72041432962', '1972-04-14'),
('72070482459', '1972-07-04'),
('72100724283', '1972-10-07'),
('72101034552', '1972-10-10'),
('72102964249', '1972-10-29'),
('72110891517', '1972-11-08'),
('72122031819', '1972-12-20'),
('72123165511', '1972-12-31'),
('73032676851', '1973-03-26'),
('73040557371', '1973-04-05'),
('73041689392', '1973-04-16'),
('73042347143', '1973-04-23'),
('73042852535', '1973-04-28'),
('73060827818', '1973-06-08'),
('73061658684', '1973-06-16'),
('73082081265', '1973-08-20'),
('73090512768', '1973-09-05'),
('73091597261', '1973-09-15'),
('74020494675', '1974-02-04'),
('74030975676', '1974-03-09'),
('74031125698', '1974-03-11'),
('74032342144', '1974-03-23'),
('74042261624', '1974-04-22'),
('74061454379', '1974-06-14'),
('74061783828', '1974-06-17'),
('74062554214', '1974-06-25'),
('74110517376', '1974-11-05'),
('75012059827', '1975-01-20'),
('75021067486', '1975-02-10'),
('75022475125', '1975-02-24'),
('75032887549', '1975-03-28'),
('75042243474', '1975-04-22'),
('75051164957', '1975-05-11'),
('75051356134', '1975-05-13'),
('75053054191', '1975-05-30'),
('75080973249', '1975-08-09'),
('75091944937', '1975-09-19'),
('75093034687', '1975-09-30'),
('75101148922', '1975-10-11'),
('76012351292', '1976-01-23'),
('76020416998', '1976-02-04'),
('76030575252', '1976-03-05'),
('76042371864', '1976-04-23'),
('76050229916', '1976-05-02'),
('76051958548', '1976-05-19'),
('76112248353', '1976-11-22'),
('77011244941', '1977-01-12'),
('77011336428', '1977-01-13'),
('77030285497', '1977-03-02'),
('77032922974', '1977-03-29'),
('77041372436', '1977-04-13'),
('77042565828', '1977-04-25'),
('77072364284', '1977-07-23'),
('78030546296', '1978-03-05'),
('78032278126', '1978-03-22'),
('78062582417', '1978-06-25'),
('78070594736', '1978-07-05'),
('78070949567', '1978-07-09'),
('78071544136', '1978-07-15'),
('78082963771', '1978-08-29'),
('78112571138', '1978-11-25'),
('78120798886', '1978-12-07'),
('79012738544', '1979-01-27'),
('79020738981', '1979-02-07'),
('79050383375', '1979-05-03'),
('79070512171', '1979-07-05'),
('79121443423', '1979-12-14'),
('80010232626', '1980-01-02'),
('80020712442', '1980-02-07'),
('80020885566', '1980-02-08'),
('80022827742', '1980-02-28'),
('80062631213', '1980-06-26'),
('80122728961', '1980-12-27'),
('81022449831', '1981-02-24'),
('81040444533', '1981-04-04'),
('81050871293', '1981-05-08'),
('81052834988', '1981-05-28'),
('81090683199', '1981-09-06'),
('81092628453', '1981-09-26'),
('81110647875', '1981-11-06'),
('82022698256', '1982-02-26'),
('82022861858', '1982-02-28'),
('82030195794', '1982-03-01'),
('82041729577', '1982-04-17'),
('82061679256', '1982-06-16'),
('82062012395', '1982-06-20'),
('82062381877', '1982-06-23'),
('82070943315', '1982-07-09'),
('82071374473', '1982-07-13'),
('82071784245', '1982-07-17'),
('82091943255', '1982-09-19'),
('82101333124', '1982-10-13'),
('82102929371', '1982-10-29'),
('82111291735', '1982-11-12'),
('82113041253', '1982-11-30'),
('82121619318', '1982-12-16'),
('83011542538', '1983-01-15'),
('83031958469', '1983-03-19'),
('83032473785', '1983-03-24'),
('83052521329', '1983-05-25'),
('83061838292', '1983-06-18'),
('83081886655', '1983-08-18'),
('83092122395', '1983-09-21'),
('83100557331', '1983-10-05'),
('83102214937', '1983-10-22'),
('83102332556', '1983-10-23'),
('83102813839', '1983-10-28'),
('83120826297', '1983-12-08'),
('84010783175', '1984-01-07'),
('84011688295', '1984-01-16'),
('84022198552', '1984-02-21'),
('84032471926', '1984-03-24'),
('84042861717', '1984-04-28'),
('84061449134', '1984-06-14'),
('84072168176', '1984-07-21'),
('84092892972', '1984-09-28'),
('85020171664', '1985-02-01'),
('85021165374', '1985-02-11'),
('85040687936', '1985-04-06'),
('85102058681', '1985-10-20'),
('85110318935', '1985-11-03'),
('86012198371', '1986-01-21'),
('86020851893', '1986-02-08'),
('86022692593', '1986-02-26'),
('86050366394', '1986-05-03'),
('86050459339', '1986-05-04'),
('86070788941', '1986-07-07'),
('86073142948', '1986-07-31'),
('86080468495', '1986-08-04'),
('86080993951', '1986-08-09'),
('86091958749', '1986-09-19'),
('86101071879', '1986-10-10'),
('86110449496', '1986-11-04'),
('87010464927', '1987-01-04'),
('87051962534', '1987-05-19'),
('87071861569', '1987-07-18'),
('87101288146', '1987-10-12'),
('87110915716', '1987-11-09'),
('88010972715', '1988-01-09'),
('88030747542', '1988-03-07'),
('88030791114', '1988-03-07'),
('88031232715', '1988-03-12'),
('88043088667', '1988-04-30'),
('88050396334', '1988-05-03'),
('88051911856', '1988-05-19'),
('88052048742', '1988-05-20'),
('89021694955', '1989-02-16'),
('89031917215', '1989-03-19'),
('89032891963', '1989-03-28'),
('89041489139', '1989-04-14'),
('89062332865', '1989-06-23'),
('89063042217', '1989-06-30'),
('89101884452', '1989-10-18'),
('89110289389', '1989-11-02'),
('89122222888', '1989-12-22'),
('90010971366', '1990-01-09'),
('90020668353', '1990-02-06'),
('90020774892', '1990-02-07'),
('90022337275', '1990-02-23'),
('90030217251', '1990-03-02'),
('90031558971', '1990-03-15'),
('90041629797', '1990-04-16'),
('90042229552', '1990-04-22'),
('90072842921', '1990-07-28'),
('90073132393', '1990-07-31'),
('90082175369', '1990-08-21'),
('90090924362', '1990-09-09'),
('90110246434', '1990-11-02'),
('90111192659', '1990-11-11'),
('91021686414', '1991-02-16'),
('91031537117', '1991-03-15'),
('91032175996', '1991-03-21'),
('91042175829', '1991-04-21'),
('91050617753', '1991-05-06'),
('91051536729', '1991-05-15'),
('91051788362', '1991-05-17'),
('91072691973', '1991-07-26'),
('91082936279', '1991-08-29'),
('91091759191', '1991-09-17'),
('91102629389', '1991-10-26'),
('92010387862', '1992-01-03'),
('92012366641', '1992-01-23'),
('92031767377', '1992-03-17'),
('92032193966', '1992-03-21'),
('92040242489', '1992-04-02'),
('92060979912', '1992-06-09'),
('92062772643', '1992-06-27'),
('92072258588', '1992-07-22'),
('92091391538', '1992-09-13'),
('93012475791', '1993-01-24'),
('93021089419', '1993-02-10'),
('93041665369', '1993-04-16'),
('93062119784', '1993-06-21'),
('93091567574', '1993-09-15'),
('93100134524', '1993-10-01'),
('93111332441', '1993-11-13'),
('93111778881', '1993-11-17'),
('93122526231', '1993-12-25'),
('94011929281', '1994-01-19'),
('94021331827', '1994-02-13'),
('94032862631', '1994-03-28'),
('94081862972', '1994-08-18'),
('94090863463', '1994-09-08'),
('94092111731', '1994-09-21'),
('94112762918', '1994-11-27'),
('94120149286', '1994-12-01'),
('94120886642', '1994-12-08'),
('94122514479', '1994-12-25'),
('95012394298', '1995-01-23'),
('95040153647', '1995-04-01'),
('95060149253', '1995-06-01'),
('95062984711', '1995-06-29'),
('95073076571', '1995-07-30'),
('95073166612', '1995-07-31'),
('95080389794', '1995-08-03'),
('95111748862', '1995-11-17'),
('96010146863', '1996-01-01'),
('96011053315', '1996-01-10'),
('96011445572', '1996-01-14'),
('96030984632', '1996-03-09'),
('96051932223', '1996-05-19'),
('96060833298', '1996-06-08'),
('96071526471', '1996-07-15'),
('96071879593', '1996-07-18'),
('96083082745', '1996-08-30'),
('96112947243', '1996-11-29'),
('97011065331', '1997-01-10'),
('97012694156', '1997-01-26'),
('97061756593', '1997-06-17'),
('97062632977', '1997-06-26'),
('97100645163', '1997-10-06'),
('97120425479', '1997-12-04'),
('98120152778', '1998-12-01'),
('99030215566', '1999-03-02'),
('99032925764', '1999-03-29'),
('99032929935', '1999-03-29'),
('99052752966', '1999-05-27'),
('99061121348', '1999-06-11'),
('99061132465', '1999-06-11'),
('99082473316', '1999-08-24'),
('99102426647', '1999-10-24'),
('99103016362', '1999-10-30'),
('99112952921', '1999-11-29'),
('99120744768', '1999-12-07'),
('00211354167', '0000-00-00'),
('00220776486', '0000-00-00'),
('00221759697', '0000-00-00'),
('00242957867', '0000-00-00'),
('00261665259', '0000-00-00'),
('00270312573', '0000-00-00'),
('00270787553', '0000-00-00'),
('00282311748', '0000-00-00'),
('00292982163', '0000-00-00'),
('00310921451', '0000-00-00'),
('00311285941', '0000-00-00'),
('00312165916', '0000-00-00'),
('01212532596', '0000-00-00'),
('01230125349', '0000-00-00'),
('01231523115', '0000-00-00'),
('01240284245', '0000-00-00'),
('01241213976', '0000-00-00'),
('01290227177', '0000-00-00'),
('01311269373', '0000-00-00'),
('01312443626', '0000-00-00'),
('02212489727', '0000-00-00'),
('02221487895', '0000-00-00'),
('02222043326', '0000-00-00'),
('02231162658', '0000-00-00'),
('02232929986', '0000-00-00'),
('02240577779', '0000-00-00'),
('02250747126', '0000-00-00'),
('02251622967', '0000-00-00'),
('02261093739', '0000-00-00'),
('02270477218', '0000-00-00'),
('02281596937', '0000-00-00'),
('02291013127', '0000-00-00'),
('02291552451', '0000-00-00'),
('02310645331', '0000-00-00'),
('03210431396', '0000-00-00'),
('03231465826', '0000-00-00'),
('03280989919', '0000-00-00'),
('03290214182', '0000-00-00'),
('03300881117', '0000-00-00'),
('03312085688', '0000-00-00'),
('04211426394', '0000-00-00'),
('04221814992', '0000-00-00'),
('04222974576', '0000-00-00'),
('04231627391', '0000-00-00'),
('04242724616', '0000-00-00'),
('04243065244', '0000-00-00'),
('04252236426', '0000-00-00'),
('04252281785', '0000-00-00'),
('04260481362', '0000-00-00'),
('04262366546', '0000-00-00'),
('04262867573', '0000-00-00'),
('04271392833', '0000-00-00'),
('04271853981', '0000-00-00'),
('04273073262', '0000-00-00'),
('04291877174', '0000-00-00'),
('04291885113', '0000-00-00'),
('04303086769', '0000-00-00'),
('04312084622', '0000-00-00'),
('05221699475', '0000-00-00'),
('05231683569', '0000-00-00'),
('05242662838', '0000-00-00'),
('05270418281', '0000-00-00'),
('05301673634', '0000-00-00'),
('05310313637', '0000-00-00'),
('62010613458', '0000-00-00'),
('62030621918', '0000-00-00'),
('62032632286', '0000-00-00'),
('62040954516', '0000-00-00'),
('62041751235', '0000-00-00'),
('62053153197', '0000-00-00'),
('62060141479', '0000-00-00'),
('62061452848', '0000-00-00'),
('62062819857', '0000-00-00'),
('62073115588', '0000-00-00'),
('62081023844', '0000-00-00'),
('62090696927', '0000-00-00'),
('62102481781', '0000-00-00'),
('62110162979', '0000-00-00'),
('62110838258', '0000-00-00'),
('62121943567', '0000-00-00'),
('63021015943', '0000-00-00'),
('63052122331', '0000-00-00'),
('63060755383', '0000-00-00'),
('63080592724', '0000-00-00'),
('63111786625', '0000-00-00'),
('64030955756', '0000-00-00'),
('64040116491', '0000-00-00'),
('64041675836', '0000-00-00'),
('64042418317', '0000-00-00'),
('64050892132', '0000-00-00'),
('64051554765', '0000-00-00'),
('64070741667', '0000-00-00'),
('64073064329', '0000-00-00'),
('64081379819', '0000-00-00'),
('64090368558', '0000-00-00'),
('64090794384', '0000-00-00'),
('64092324673', '0000-00-00'),
('65012898832', '0000-00-00'),
('65060415261', '0000-00-00'),
('65092753293', '0000-00-00'),
('65102869423', '0000-00-00'),
('65121916586', '0000-00-00'),
('66010791684', '0000-00-00'),
('66022785622', '0000-00-00'),
('66030676695', '0000-00-00'),
('66040625669', '0000-00-00'),
('66041676725', '0000-00-00'),
('66062128216', '0000-00-00'),
('66073096829', '0000-00-00'),
('67020778119', '0000-00-00'),
('67042433869', '0000-00-00'),
('67090779551', '0000-00-00'),
('67110583887', '0000-00-00'),
('67122698393', '0000-00-00'),
('68031447283', '0000-00-00'),
('68041759976', '0000-00-00'),
('68042419798', '0000-00-00'),
('68050463561', '0000-00-00'),
('68101173812', '0000-00-00'),
('68111743946', '0000-00-00'),
('68112951698', '0000-00-00'),
('68122498846', '0000-00-00'),
('69010232591', '0000-00-00'),
('69010894326', '0000-00-00'),
('69013149423', '0000-00-00'),
('69021881726', '0000-00-00'),
('69041737616', '0000-00-00'),
('69060396946', '0000-00-00'),
('69061819246', '0000-00-00'),
('69061878731', '0000-00-00'),
('69080231313', '0000-00-00'),
('69093054446', '0000-00-00'),
('69121529919', '0000-00-00'),
('70011769382', '0000-00-00'),
('70020327122', '0000-00-00'),
('70040569894', '0000-00-00'),
('70040836282', '0000-00-00'),
('70041035925', '0000-00-00'),
('70052646686', '0000-00-00'),
('70071542923', '0000-00-00'),
('70072062282', '0000-00-00'),
('70101733563', '0000-00-00'),
('70122444857', '0000-00-00'),
('71010345153', '0000-00-00'),
('71012771239', '0000-00-00'),
('71012866726', '0000-00-00'),
('71050412398', '0000-00-00'),
('71052153985', '0000-00-00'),
('71053112233', '0000-00-00'),
('71062272827', '0000-00-00'),
('71062539243', '0000-00-00'),
('71062547695', '0000-00-00'),
('71070743728', '0000-00-00'),
('71072038156', '0000-00-00'),
('71100387517', '0000-00-00'),
('72031033292', '0000-00-00'),
('72041432962', '0000-00-00'),
('72070482459', '0000-00-00'),
('72100724283', '0000-00-00'),
('72101034552', '0000-00-00'),
('72102964249', '0000-00-00'),
('72110891517', '0000-00-00'),
('72122031819', '0000-00-00'),
('72123165511', '0000-00-00'),
('73032676851', '0000-00-00'),
('73040557371', '0000-00-00'),
('73041689392', '0000-00-00'),
('73042347143', '0000-00-00'),
('73042852535', '0000-00-00'),
('73060827818', '0000-00-00'),
('73061658684', '0000-00-00'),
('73082081265', '0000-00-00'),
('73090512768', '0000-00-00'),
('73091597261', '0000-00-00'),
('74020494675', '0000-00-00'),
('74030975676', '0000-00-00'),
('74031125698', '0000-00-00'),
('74032342144', '0000-00-00'),
('74042261624', '0000-00-00'),
('74061454379', '0000-00-00'),
('74061783828', '0000-00-00'),
('74062554214', '0000-00-00'),
('74110517376', '0000-00-00'),
('75012059827', '0000-00-00'),
('75021067486', '0000-00-00'),
('75022475125', '0000-00-00'),
('75032887549', '0000-00-00'),
('75042243474', '0000-00-00'),
('75051164957', '0000-00-00'),
('75051356134', '0000-00-00'),
('75053054191', '0000-00-00'),
('75080973249', '0000-00-00'),
('75091944937', '0000-00-00'),
('75093034687', '0000-00-00'),
('75101148922', '0000-00-00'),
('76012351292', '0000-00-00'),
('76020416998', '0000-00-00'),
('76030575252', '0000-00-00'),
('76042371864', '0000-00-00'),
('76050229916', '0000-00-00'),
('76051958548', '0000-00-00'),
('76112248353', '0000-00-00'),
('77011244941', '0000-00-00'),
('77011336428', '0000-00-00'),
('77030285497', '0000-00-00'),
('77032922974', '0000-00-00'),
('77041372436', '0000-00-00'),
('77042565828', '0000-00-00'),
('77072364284', '0000-00-00'),
('78030546296', '0000-00-00'),
('78032278126', '0000-00-00'),
('78062582417', '0000-00-00'),
('78070594736', '0000-00-00'),
('78070949567', '0000-00-00'),
('78071544136', '0000-00-00'),
('78082963771', '0000-00-00'),
('78112571138', '0000-00-00'),
('78120798886', '0000-00-00'),
('79012738544', '0000-00-00'),
('79020738981', '0000-00-00'),
('79050383375', '0000-00-00'),
('79070512171', '0000-00-00'),
('79121443423', '0000-00-00'),
('80010232626', '0000-00-00'),
('80020712442', '0000-00-00'),
('80020885566', '0000-00-00'),
('80022827742', '0000-00-00'),
('80062631213', '0000-00-00'),
('80122728961', '0000-00-00'),
('81022449831', '0000-00-00'),
('81040444533', '0000-00-00'),
('81050871293', '0000-00-00'),
('81052834988', '0000-00-00'),
('81090683199', '0000-00-00'),
('81092628453', '0000-00-00'),
('81110647875', '0000-00-00'),
('82022698256', '0000-00-00'),
('82022861858', '0000-00-00'),
('82030195794', '0000-00-00'),
('82041729577', '0000-00-00'),
('82061679256', '0000-00-00'),
('82062012395', '0000-00-00'),
('82062381877', '0000-00-00'),
('82070943315', '0000-00-00'),
('82071374473', '0000-00-00'),
('82071784245', '0000-00-00'),
('82091943255', '0000-00-00'),
('82101333124', '0000-00-00'),
('82102929371', '0000-00-00'),
('82111291735', '0000-00-00'),
('82113041253', '0000-00-00'),
('82121619318', '0000-00-00'),
('83011542538', '0000-00-00'),
('83031958469', '0000-00-00'),
('83032473785', '0000-00-00'),
('83052521329', '0000-00-00'),
('83061838292', '0000-00-00'),
('83081886655', '0000-00-00'),
('83092122395', '0000-00-00'),
('83100557331', '0000-00-00'),
('83102214937', '0000-00-00'),
('83102332556', '0000-00-00'),
('83102813839', '0000-00-00'),
('83120826297', '0000-00-00'),
('84010783175', '0000-00-00'),
('84011688295', '0000-00-00'),
('84022198552', '0000-00-00'),
('84032471926', '0000-00-00'),
('84042861717', '0000-00-00'),
('84061449134', '0000-00-00'),
('84072168176', '0000-00-00'),
('84092892972', '0000-00-00'),
('85020171664', '0000-00-00'),
('85021165374', '0000-00-00'),
('85040687936', '0000-00-00'),
('85102058681', '0000-00-00'),
('85110318935', '0000-00-00'),
('86012198371', '0000-00-00'),
('86020851893', '0000-00-00'),
('86022692593', '0000-00-00'),
('86050366394', '0000-00-00'),
('86050459339', '0000-00-00'),
('86070788941', '0000-00-00'),
('86073142948', '0000-00-00'),
('86080468495', '0000-00-00'),
('86080993951', '0000-00-00'),
('86091958749', '0000-00-00'),
('86101071879', '0000-00-00'),
('86110449496', '0000-00-00'),
('87010464927', '0000-00-00'),
('87051962534', '0000-00-00'),
('87071861569', '0000-00-00'),
('87101288146', '0000-00-00'),
('87110915716', '0000-00-00'),
('88010972715', '0000-00-00'),
('88030747542', '0000-00-00'),
('88030791114', '0000-00-00'),
('88031232715', '0000-00-00'),
('88043088667', '0000-00-00'),
('88050396334', '0000-00-00'),
('88051911856', '0000-00-00'),
('88052048742', '0000-00-00'),
('89021694955', '0000-00-00'),
('89031917215', '0000-00-00'),
('89032891963', '0000-00-00'),
('89041489139', '0000-00-00'),
('89062332865', '0000-00-00'),
('89063042217', '0000-00-00'),
('89101884452', '0000-00-00'),
('89110289389', '0000-00-00'),
('89122222888', '0000-00-00'),
('90010971366', '0000-00-00'),
('90020668353', '0000-00-00'),
('90020774892', '0000-00-00'),
('90022337275', '0000-00-00'),
('90030217251', '0000-00-00'),
('90031558971', '0000-00-00'),
('90041629797', '0000-00-00'),
('90042229552', '0000-00-00'),
('90072842921', '0000-00-00'),
('90073132393', '0000-00-00'),
('90082175369', '0000-00-00'),
('90090924362', '0000-00-00'),
('90110246434', '0000-00-00'),
('90111192659', '0000-00-00'),
('91021686414', '0000-00-00'),
('91031537117', '0000-00-00'),
('91032175996', '0000-00-00'),
('91042175829', '0000-00-00'),
('91050617753', '0000-00-00'),
('91051536729', '0000-00-00'),
('91051788362', '0000-00-00'),
('91072691973', '0000-00-00'),
('91082936279', '0000-00-00'),
('91091759191', '0000-00-00'),
('91102629389', '0000-00-00'),
('92010387862', '0000-00-00'),
('92012366641', '0000-00-00'),
('92031767377', '0000-00-00'),
('92032193966', '0000-00-00'),
('92040242489', '0000-00-00'),
('92060979912', '0000-00-00'),
('92062772643', '0000-00-00'),
('92072258588', '0000-00-00'),
('92091391538', '0000-00-00'),
('93012475791', '0000-00-00'),
('93021089419', '0000-00-00'),
('93041665369', '0000-00-00'),
('93062119784', '0000-00-00'),
('93091567574', '0000-00-00'),
('93100134524', '0000-00-00'),
('93111332441', '0000-00-00'),
('93111778881', '0000-00-00'),
('93122526231', '0000-00-00'),
('94011929281', '0000-00-00'),
('94021331827', '0000-00-00'),
('94032862631', '0000-00-00'),
('94081862972', '0000-00-00'),
('94090863463', '0000-00-00'),
('94092111731', '0000-00-00'),
('94112762918', '0000-00-00'),
('94120149286', '0000-00-00'),
('94120886642', '0000-00-00'),
('94122514479', '0000-00-00'),
('95012394298', '0000-00-00'),
('95040153647', '0000-00-00'),
('95060149253', '0000-00-00'),
('95062984711', '0000-00-00'),
('95073076571', '0000-00-00'),
('95073166612', '0000-00-00'),
('95080389794', '0000-00-00'),
('95111748862', '0000-00-00'),
('96010146863', '0000-00-00'),
('96011053315', '0000-00-00'),
('96011445572', '0000-00-00'),
('96030984632', '0000-00-00'),
('96051932223', '0000-00-00'),
('96060833298', '0000-00-00'),
('96071526471', '0000-00-00'),
('96071879593', '0000-00-00'),
('96083082745', '0000-00-00'),
('96112947243', '0000-00-00'),
('97011065331', '0000-00-00'),
('97012694156', '0000-00-00'),
('97061756593', '0000-00-00'),
('97062632977', '0000-00-00'),
('97100645163', '0000-00-00'),
('97120425479', '0000-00-00'),
('98120152778', '0000-00-00'),
('99030215566', '0000-00-00'),
('99032925764', '0000-00-00'),
('99032929935', '0000-00-00'),
('99052752966', '0000-00-00'),
('99061121348', '0000-00-00'),
('99061132465', '0000-00-00'),
('99082473316', '0000-00-00'),
('99102426647', '0000-00-00'),
('99103016362', '0000-00-00'),
('99112952921', '0000-00-00'),
('99120744768', '0000-00-00');

-- --------------------------------------------------------

--
-- Struktura tabeli dla tabeli `pesele_plec`
--

CREATE TABLE `pesele_plec` (
  `pesel` varchar(100) DEFAULT NULL,
  `plec` varchar(100) DEFAULT NULL
) ENGINE=InnoDB DEFAULT CHARSET=utf8mb4;

--
-- Zrzut danych tabeli `pesele_plec`
--

INSERT INTO `pesele_plec` (`pesel`, `plec`) VALUES
('00211354167', 'k'),
('00220776486', 'k'),
('00221759697', 'm'),
('00242957867', 'k'),
('00261665259', 'm'),
('00270312573', 'm'),
('00270787553', 'm'),
('00282311748', 'k'),
('00292982163', 'k'),
('00310921451', 'm'),
('00311285941', 'k'),
('00312165916', 'm'),
('01212532596', 'm'),
('01230125349', 'k'),
('01231523115', 'm'),
('01240284245', 'k'),
('01241213976', 'm'),
('01290227177', 'm'),
('01311269373', 'm'),
('01312443626', 'k'),
('02212489727', 'k'),
('02221487895', 'm'),
('02222043326', 'k'),
('02231162658', 'm'),
('02232929986', 'k'),
('02240577779', 'm'),
('02250747126', 'k'),
('02251622967', 'k'),
('02261093739', 'm'),
('02270477218', 'm'),
('02281596937', 'm'),
('02291013127', 'k'),
('02291552451', 'm'),
('02310645331', 'm'),
('03210431396', 'm'),
('03231465826', 'k'),
('03280989919', 'm'),
('03290214182', 'k'),
('03300881117', 'm'),
('03312085688', 'k'),
('04211426394', 'm'),
('04221814992', 'm'),
('04222974576', 'm'),
('04231627391', 'm'),
('04242724616', 'm'),
('04243065244', 'k'),
('04252236426', 'k'),
('04252281785', 'k'),
('04260481362', 'k'),
('04262366546', 'k'),
('04262867573', 'm'),
('04271392833', 'm'),
('04271853981', 'k'),
('04273073262', 'k'),
('04291877174', 'm'),
('04291885113', 'm'),
('04303086769', 'k'),
('04312084622', 'k'),
('05221699475', 'm'),
('05231683569', 'k'),
('05242662838', 'm'),
('05270418281', 'k'),
('05301673634', 'm'),
('05310313637', 'm'),
('62010613458', 'm'),
('62030621918', 'm'),
('62032632286', 'k'),
('62040954516', 'm'),
('62041751235', 'm'),
('62053153197', 'm'),
('62060141479', 'm'),
('62061452848', 'k'),
('62062819857', 'm'),
('62073115588', 'k'),
('62081023844', 'k'),
('62090696927', 'k'),
('62102481781', 'k'),
('62110162979', 'm'),
('62110838258', 'm'),
('62121943567', 'k'),
('63021015943', 'k'),
('63052122331', 'm'),
('63060755383', 'k'),
('63080592724', 'k'),
('63111786625', 'k'),
('64030955756', 'm'),
('64040116491', 'm'),
('64041675836', 'm'),
('64042418317', 'm'),
('64050892132', 'm'),
('64051554765', 'k'),
('64070741667', 'k'),
('64073064329', 'k'),
('64081379819', 'm'),
('64090368558', 'm'),
('64090794384', 'k'),
('64092324673', 'm'),
('65012898832', 'm'),
('65060415261', 'k'),
('65092753293', 'm'),
('65102869423', 'k'),
('65121916586', 'k'),
('66010791684', 'k'),
('66022785622', 'k'),
('66030676695', 'm'),
('66040625669', 'k'),
('66041676725', 'k'),
('66062128216', 'm'),
('66073096829', 'k'),
('67020778119', 'm'),
('67042433869', 'k'),
('67090779551', 'm'),
('67110583887', 'k'),
('67122698393', 'm'),
('68031447283', 'k'),
('68041759976', 'm'),
('68042419798', 'm'),
('68050463561', 'k'),
('68101173812', 'm'),
('68111743946', 'k'),
('68112951698', 'm'),
('68122498846', 'k'),
('69010232591', 'm'),
('69010894326', 'k'),
('69013149423', 'k'),
('69021881726', 'k'),
('69041737616', 'm'),
('69060396946', 'k'),
('69061819246', 'k'),
('69061878731', 'm'),
('69080231313', 'm'),
('69093054446', 'k'),
('69121529919', 'm'),
('70011769382', 'k'),
('70020327122', 'k'),
('70040569894', 'm'),
('70040836282', 'k'),
('70041035925', 'k'),
('70052646686', 'k'),
('70071542923', 'k'),
('70072062282', 'k'),
('70101733563', 'k'),
('70122444857', 'm'),
('71010345153', 'm'),
('71012771239', 'm'),
('71012866726', 'k'),
('71050412398', 'm'),
('71052153985', 'k'),
('71053112233', 'm'),
('71062272827', 'k'),
('71062539243', 'k'),
('71062547695', 'm'),
('71070743728', 'k'),
('71072038156', 'm'),
('71100387517', 'm'),
('72031033292', 'm'),
('72041432962', 'k'),
('72070482459', 'm'),
('72100724283', 'k'),
('72101034552', 'm'),
('72102964249', 'k'),
('72110891517', 'm'),
('72122031819', 'm'),
('72123165511', 'm'),
('73032676851', 'm'),
('73040557371', 'm'),
('73041689392', 'm'),
('73042347143', 'k'),
('73042852535', 'm'),
('73060827818', 'm'),
('73061658684', 'k'),
('73082081265', 'k'),
('73090512768', 'k'),
('73091597261', 'k'),
('74020494675', 'm'),
('74030975676', 'm'),
('74031125698', 'm'),
('74032342144', 'k'),
('74042261624', 'k'),
('74061454379', 'm'),
('74061783828', 'k'),
('74062554214', 'm'),
('74110517376', 'm'),
('75012059827', 'k'),
('75021067486', 'k'),
('75022475125', 'k'),
('75032887549', 'k'),
('75042243474', 'm'),
('75051164957', 'm'),
('75051356134', 'm'),
('75053054191', 'm'),
('75080973249', 'k'),
('75091944937', 'm'),
('75093034687', 'k'),
('75101148922', 'k'),
('76012351292', 'm'),
('76020416998', 'm'),
('76030575252', 'm'),
('76042371864', 'k'),
('76050229916', 'm'),
('76051958548', 'k'),
('76112248353', 'm'),
('77011244941', 'k'),
('77011336428', 'k'),
('77030285497', 'm'),
('77032922974', 'm'),
('77041372436', 'm'),
('77042565828', 'k'),
('77072364284', 'k'),
('78030546296', 'm'),
('78032278126', 'k'),
('78062582417', 'm'),
('78070594736', 'm'),
('78070949567', 'k'),
('78071544136', 'm'),
('78082963771', 'm'),
('78112571138', 'm'),
('78120798886', 'k'),
('79012738544', 'k'),
('79020738981', 'k'),
('79050383375', 'm'),
('79070512171', 'm'),
('79121443423', 'k'),
('80010232626', 'k'),
('80020712442', 'k'),
('80020885566', 'k'),
('80022827742', 'k'),
('80062631213', 'm'),
('80122728961', 'k'),
('81022449831', 'm'),
('81040444533', 'm'),
('81050871293', 'm'),
('81052834988', 'k'),
('81090683199', 'm'),
('81092628453', 'm'),
('81110647875', 'm'),
('82022698256', 'm'),
('82022861858', 'm'),
('82030195794', 'm'),
('82041729577', 'm'),
('82061679256', 'm'),
('82062012395', 'm'),
('82062381877', 'm'),
('82070943315', 'm'),
('82071374473', 'm'),
('82071784245', 'k'),
('82091943255', 'm'),
('82101333124', 'k'),
('82102929371', 'm'),
('82111291735', 'm'),
('82113041253', 'm'),
('82121619318', 'm'),
('83011542538', 'm'),
('83031958469', 'k'),
('83032473785', 'k'),
('83052521329', 'k'),
('83061838292', 'm'),
('83081886655', 'm'),
('83092122395', 'm'),
('83100557331', 'm'),
('83102214937', 'm'),
('83102332556', 'm'),
('83102813839', 'm'),
('83120826297', 'm'),
('84010783175', 'm'),
('84011688295', 'm'),
('84022198552', 'm'),
('84032471926', 'k'),
('84042861717', 'm'),
('84061449134', 'm'),
('84072168176', 'm'),
('84092892972', 'm'),
('85020171664', 'k'),
('85021165374', 'm'),
('85040687936', 'm'),
('85102058681', 'k'),
('85110318935', 'm'),
('86012198371', 'm'),
('86020851893', 'm'),
('86022692593', 'm'),
('86050366394', 'm'),
('86050459339', 'm'),
('86070788941', 'k'),
('86073142948', 'k'),
('86080468495', 'm'),
('86080993951', 'm'),
('86091958749', 'k'),
('86101071879', 'm'),
('86110449496', 'm'),
('87010464927', 'k'),
('87051962534', 'm'),
('87071861569', 'k'),
('87101288146', 'k'),
('87110915716', 'm'),
('88010972715', 'm'),
('88030747542', 'k'),
('88030791114', 'm'),
('88031232715', 'm'),
('88043088667', 'k'),
('88050396334', 'm'),
('88051911856', 'm'),
('88052048742', 'k'),
('89021694955', 'm'),
('89031917215', 'm'),
('89032891963', 'k'),
('89041489139', 'm'),
('89062332865', 'k'),
('89063042217', 'm'),
('89101884452', 'm'),
('89110289389', 'k'),
('89122222888', 'k'),
('90010971366', 'k'),
('90020668353', 'm'),
('90020774892', 'm'),
('90022337275', 'm'),
('90030217251', 'm'),
('90031558971', 'm'),
('90041629797', 'm'),
('90042229552', 'm'),
('90072842921', 'k'),
('90073132393', 'm'),
('90082175369', 'k'),
('90090924362', 'k'),
('90110246434', 'm'),
('90111192659', 'm'),
('91021686414', 'm'),
('91031537117', 'm'),
('91032175996', 'm'),
('91042175829', 'k'),
('91050617753', 'm'),
('91051536729', 'k'),
('91051788362', 'k'),
('91072691973', 'm'),
('91082936279', 'm'),
('91091759191', 'm'),
('91102629389', 'k'),
('92010387862', 'k'),
('92012366641', 'k'),
('92031767377', 'm'),
('92032193966', 'k'),
('92040242489', 'k'),
('92060979912', 'm'),
('92062772643', 'k'),
('92072258588', 'k'),
('92091391538', 'm'),
('93012475791', 'm'),
('93021089419', 'm'),
('93041665369', 'k'),
('93062119784', 'k'),
('93091567574', 'm'),
('93100134524', 'k'),
('93111332441', 'k'),
('93111778881', 'k'),
('93122526231', 'm'),
('94011929281', 'k'),
('94021331827', 'k'),
('94032862631', 'm'),
('94081862972', 'm'),
('94090863463', 'k'),
('94092111731', 'm'),
('94112762918', 'm'),
('94120149286', 'k'),
('94120886642', 'k'),
('94122514479', 'm'),
('95012394298', 'm'),
('95040153647', 'k'),
('95060149253', 'm'),
('95062984711', 'm'),
('95073076571', 'm'),
('95073166612', 'm'),
('95080389794', 'm'),
('95111748862', 'k'),
('96010146863', 'k'),
('96011053315', 'm'),
('96011445572', 'm'),
('96030984632', 'm'),
('96051932223', 'k'),
('96060833298', 'm'),
('96071526471', 'm'),
('96071879593', 'm'),
('96083082745', 'k'),
('96112947243', 'k'),
('97011065331', 'm'),
('97012694156', 'm'),
('97061756593', 'm'),
('97062632977', 'm'),
('97100645163', 'k'),
('97120425479', 'm'),
('98120152778', 'm'),
('99030215566', 'k'),
('99032925764', 'k'),
('99032929935', 'm'),
('99052752966', 'k'),
('99061121348', 'k'),
('99061132465', 'k'),
('99082473316', 'm'),
('99102426647', 'k'),
('99103016362', 'k'),
('99112952921', 'k'),
('99120744768', 'k');
COMMIT;

/*!40101 SET CHARACTER_SET_CLIENT=@OLD_CHARACTER_SET_CLIENT */;
/*!40101 SET CHARACTER_SET_RESULTS=@OLD_CHARACTER_SET_RESULTS */;
/*!40101 SET COLLATION_CONNECTION=@OLD_COLLATION_CONNECTION */;
